{"Arrival_Time":1424777755932,"Creation_Time":1424779601246648296,"Device":"nexus4_2","Index":240122,"Model":"nexus4","User":"i","gt":"stairsup","x":0.25028992,"y":0.030731201,"z":-0.28442383}
{"Arrival_Time":1424777756134,"Creation_Time":1424777759607422116,"Device":"nexus4_1","Index":249670,"Model":"nexus4","User":"i","gt":"stairsup","x":0.006942749,"y":-0.32359314,"z":-0.54904175}
{"Arrival_Time":1424777756333,"Creation_Time":1424777759812622312,"Device":"nexus4_1","Index":249711,"Model":"nexus4","User":"i","gt":"stairsup","x":0.10948181,"y":-0.09074402,"z":-0.671875}
{"Arrival_Time":1424777756533,"Creation_Time":1424777760014142284,"Device":"nexus4_1","Index":249751,"Model":"nexus4","User":"i","gt":"stairsup","x":0.30387878,"y":-0.023452759,"z":-0.65371704}
{"Arrival_Time":1424777756735,"Creation_Time":1424777760216901073,"Device":"nexus4_1","Index":249791,"Model":"nexus4","User":"i","gt":"stairsup","x":0.13191223,"y":-0.29475403,"z":0.007446289}
{"Arrival_Time":1424777756936,"Creation_Time":1424777760416974315,"Device":"nexus4_1","Index":249831,"Model":"nexus4","User":"i","gt":"stairsup","x":0.21629333,"y":-0.014907837,"z":-1.1749573}
{"Arrival_Time":1424777757138,"Creation_Time":1424779602455296978,"Device":"nexus4_2","Index":240362,"Model":"nexus4","User":"i","gt":"stairsup","x":0.1926117,"y":-0.29397583,"z":-0.06011963}
{"Arrival_Time":1424777757345,"Creation_Time":1424779602656957134,"Device":"nexus4_2","Index":240402,"Model":"nexus4","User":"i","gt":"stairsup","x":0.27485657,"y":-0.006652832,"z":-1.1346436}
{"Arrival_Time":1424777757543,"Creation_Time":1424779602862981304,"Device":"nexus4_2","Index":240443,"Model":"nexus4","User":"i","gt":"stairsup","x":0.18833923,"y":0.10870361,"z":-1.519165}
{"Arrival_Time":1424777757745,"Creation_Time":1424779603064397320,"Device":"nexus4_2","Index":240483,"Model":"nexus4","User":"i","gt":"stairsup","x":0.19688416,"y":0.27105713,"z":-1.8876648}
{"Arrival_Time":1424777757944,"Creation_Time":1424777761424268016,"Device":"nexus4_1","Index":250031,"Model":"nexus4","User":"i","gt":"stairsup","x":-0.019760132,"y":0.06199646,"z":-0.43688965}
{"Arrival_Time":1424777758149,"Creation_Time":1424779603467412456,"Device":"nexus4_2","Index":240563,"Model":"nexus4","User":"i","gt":"stairsup","x":0.06871033,"y":0.15249634,"z":-0.84198}
{"Arrival_Time":1424777758348,"Creation_Time":1424779603664106261,"Device":"nexus4_2","Index":240602,"Model":"nexus4","User":"i","gt":"stairsup","x":-0.015670776,"y":0.05529785,"z":-0.4446411}
{"Arrival_Time":1424777758549,"Creation_Time":1424777762029791983,"Device":"nexus4_1","Index":250151,"Model":"nexus4","User":"i","gt":"stairsdown","x":0.024032593,"y":0.20191956,"z":-0.57681274}
{"Arrival_Time":1424777758749,"Creation_Time":1424779604066968810,"Device":"nexus4_2","Index":240682,"Model":"nexus4","User":"i","gt":"stairsdown","x":-0.060531616,"y":0.22299194,"z":-0.43289185}
{"Arrival_Time":1424777758955,"Creation_Time":1424777762431507577,"Device":"nexus4_1","Index":250231,"Model":"nexus4","User":"i","gt":"stairsdown","x":0.048599243,"y":0.07054138,"z":-0.2798767}
{"Arrival_Time":1424777759151,"Creation_Time":1424779604469800841,"Device":"nexus4_2","Index":240762,"Model":"nexus4","User":"i","gt":"stairsdown","x":-0.058395386,"y":0.039276123,"z":-0.3463745}
{"Arrival_Time":1424777759358,"Creation_Time":1424777762834492196,"Device":"nexus4_1","Index":250311,"Model":"nexus4","User":"i","gt":"stairsdown","x":0.37010193,"y":-0.04801941,"z":-0.21044922}
{"Arrival_Time":1424777759558,"Creation_Time":1424777763035908211,"Device":"nexus4_1","Index":250351,"Model":"nexus4","User":"i","gt":"stairsdown","x":0.20774841,"y":-0.14949036,"z":-0.25637817}
{"Arrival_Time":1424777759761,"Creation_Time":1424779605074109923,"Device":"nexus4_2","Index":240882,"Model":"nexus4","User":"i","gt":"stairsdown","x":0.3677826,"y":-0.046173096,"z":-0.21713257}
{"Arrival_Time":1424777759960,"Creation_Time":1424779605275281798,"Device":"nexus4_2","Index":240922,"Model":"nexus4","User":"i","gt":"stairsdown","x":0.11036682,"y":-0.21813965,"z":-0.15945435}