{"Arrival_Time":1424688477684,"Creation_Time":1424690323736722453,"Device":"nexus4_2","Index":283777,"Model":"nexus4","User":"g","gt":"stairsdown","x":-0.13449097,"y":-0.37319946,"z":0.1778717}
{"Arrival_Time":1424688478086,"Creation_Time":1424690324139455560,"Device":"nexus4_2","Index":283857,"Model":"nexus4","User":"g","gt":"stairsdown","x":0.38461304,"y":0.030548096,"z":0.0443573}
{"Arrival_Time":1424688478489,"Creation_Time":1424690324542348627,"Device":"nexus4_2","Index":283937,"Model":"nexus4","User":"g","gt":"stairsdown","x":0.025726318,"y":-0.15530396,"z":-0.19169617}
{"Arrival_Time":1424688478894,"Creation_Time":1424690324945180658,"Device":"nexus4_2","Index":284017,"Model":"nexus4","User":"g","gt":"stairsdown","x":0.4593811,"y":0.1362915,"z":0.35517883}
{"Arrival_Time":1424688479295,"Creation_Time":1424690325349843744,"Device":"nexus4_2","Index":284097,"Model":"nexus4","User":"g","gt":"stairsdown","x":0.60891724,"y":0.16726685,"z":0.2408905}
{"Arrival_Time":1424688479698,"Creation_Time":1424690325753164056,"Device":"nexus4_2","Index":284177,"Model":"nexus4","User":"g","gt":"stairsdown","x":-0.15158081,"y":0.08181763,"z":0.06037903}
{"Arrival_Time":1424688480054,"Creation_Time":1424688478054768241,"Device":"nexus4_1","Index":282800,"Model":"nexus4","User":"g","gt":"stairsdown","x":-0.3251648,"y":0.5845642,"z":0.06852722}
{"Arrival_Time":1424688480255,"Creation_Time":1424690326304708246,"Device":"nexus4_2","Index":284287,"Model":"nexus4","User":"g","gt":"stairsdown","x":0.4668579,"y":-0.06237793,"z":0.4993744}
{"Arrival_Time":1424688480453,"Creation_Time":1424688478452564872,"Device":"nexus4_1","Index":282879,"Model":"nexus4","User":"g","gt":"stairsdown","x":0.2420044,"y":0.1348877,"z":0.22233582}
{"Arrival_Time":1424688480657,"Creation_Time":1424690326712835408,"Device":"nexus4_2","Index":284368,"Model":"nexus4","User":"g","gt":"stairsdown","x":0.523468,"y":-0.038879395,"z":0.22486877}
{"Arrival_Time":1424688480858,"Creation_Time":1424688478859333671,"Device":"nexus4_1","Index":282959,"Model":"nexus4","User":"g","gt":"stairsdown","x":-0.0592041,"y":0.1701355,"z":-0.061782837}
{"Arrival_Time":1424688481056,"Creation_Time":1424690327110632039,"Device":"nexus4_2","Index":284447,"Model":"nexus4","User":"g","gt":"stairsdown","x":0.16351318,"y":-0.05596924,"z":0.0059051514}
{"Arrival_Time":1424688481263,"Creation_Time":1424690327317266560,"Device":"nexus4_2","Index":284488,"Model":"nexus4","User":"g","gt":"stairsdown","x":-0.10992432,"y":0.2762146,"z":-0.17140198}
{"Arrival_Time":1424688481462,"Creation_Time":1424688479459828055,"Device":"nexus4_1","Index":283079,"Model":"nexus4","User":"g","gt":"stairsdown","x":-0.14892578,"y":-0.3692627,"z":-0.11305237}
{"Arrival_Time":1424688481668,"Creation_Time":1424690327720914961,"Device":"nexus4_2","Index":284568,"Model":"nexus4","User":"g","gt":"stairsdown","x":-0.18148804,"y":-0.600708,"z":0.338089}
{"Arrival_Time":1424688481868,"Creation_Time":1424690327921659590,"Device":"nexus4_2","Index":284608,"Model":"nexus4","User":"g","gt":"stairsdown","x":0.16885376,"y":0.11172485,"z":-0.0539093}
{"Arrival_Time":1424688482063,"Creation_Time":1424688480063892997,"Device":"nexus4_1","Index":283199,"Model":"nexus4","User":"g","gt":"stairsdown","x":0.18218994,"y":0.34744263,"z":-0.13014221}
{"Arrival_Time":1424688482269,"Creation_Time":1424688480270344413,"Device":"nexus4_1","Index":283240,"Model":"nexus4","User":"g","gt":"stairsdown","x":-0.19058228,"y":0.4093933,"z":-0.03614807}
{"Arrival_Time":1424688482468,"Creation_Time":1424688480466725028,"Device":"nexus4_1","Index":283279,"Model":"nexus4","User":"g","gt":"stairsdown","x":-0.31448364,"y":-0.18447876,"z":-0.08528137}
{"Arrival_Time":1424688482669,"Creation_Time":1424688480668171561,"Device":"nexus4_1","Index":283319,"Model":"nexus4","User":"g","gt":"stairsdown","x":0.22918701,"y":0.06439209,"z":0.7200775}
{"Arrival_Time":1424688482872,"Creation_Time":1424688480870808280,"Device":"nexus4_1","Index":283359,"Model":"nexus4","User":"g","gt":"stairsdown","x":-0.23223877,"y":-0.08728027,"z":-0.06391907}
{"Arrival_Time":1424688483072,"Creation_Time":1424690329125055812,"Device":"nexus4_2","Index":284847,"Model":"nexus4","User":"g","gt":"stairsdown","x":-0.38763428,"y":-0.49923706,"z":0.17573547}
{"Arrival_Time":1424688483278,"Creation_Time":1424688481266499198,"Device":"nexus4_1","Index":283438,"Model":"nexus4","User":"g","gt":"stairsdown","x":0.42892456,"y":0.020599365,"z":-0.21452332}