{"Arrival_Time":1424694941017,"Creation_Time":1424694939025017122,"Device":"nexus4_1","Index":223646,"Model":"nexus4","User":"c","gt":"stairsup","x":-0.15332031,"y":0.5119324,"z":0.0077056885}
{"Arrival_Time":1424694941252,"Creation_Time":1424694939261785117,"Device":"nexus4_1","Index":223693,"Model":"nexus4","User":"c","gt":"stairsup","x":-0.1244812,"y":-0.57006836,"z":0.5353546}
{"Arrival_Time":1424694941559,"Creation_Time":1424696787614684340,"Device":"nexus4_2","Index":234305,"Model":"nexus4","User":"c","gt":"stairsup","x":-0.03149414,"y":-0.031799316,"z":0.527359}
{"Arrival_Time":1424694941764,"Creation_Time":1424694939770550052,"Device":"nexus4_1","Index":223794,"Model":"nexus4","User":"c","gt":"stairsup","x":-0.6863098,"y":-1.1778259,"z":0.7115936}
{"Arrival_Time":1424694941963,"Creation_Time":1424696788017699477,"Device":"nexus4_2","Index":234385,"Model":"nexus4","User":"c","gt":"stairsup","x":-0.29318237,"y":0.11239624,"z":0.122543335}
{"Arrival_Time":1424694942165,"Creation_Time":1424694940175030032,"Device":"nexus4_1","Index":223874,"Model":"nexus4","User":"c","gt":"stairsup","x":-0.6296997,"y":-0.012512207,"z":1.0405731}
{"Arrival_Time":1424694942372,"Creation_Time":1424694940374902056,"Device":"nexus4_1","Index":223914,"Model":"nexus4","User":"c","gt":"stairsup","x":-0.9362488,"y":-0.24215698,"z":0.48408508}
{"Arrival_Time":1424694942573,"Creation_Time":1424694940582818316,"Device":"nexus4_1","Index":223955,"Model":"nexus4","User":"c","gt":"stairsup","x":-1.0110168,"y":-0.08728027,"z":1.6664886}
{"Arrival_Time":1424694942770,"Creation_Time":1424696788823302505,"Device":"nexus4_2","Index":234545,"Model":"nexus4","User":"c","gt":"stairsup","x":-0.7492676,"y":-0.10549927,"z":1.3807831}
{"Arrival_Time":1424694942976,"Creation_Time":1424696789031279799,"Device":"nexus4_2","Index":234586,"Model":"nexus4","User":"c","gt":"stairsup","x":-0.94366455,"y":-0.08947754,"z":1.6841278}
{"Arrival_Time":1424694943175,"Creation_Time":1424694941180444048,"Device":"nexus4_1","Index":224074,"Model":"nexus4","User":"c","gt":"stairsup","x":-1.1680298,"y":-0.008239746,"z":0.7511139}
{"Arrival_Time":1424694943379,"Creation_Time":1424696789432585952,"Device":"nexus4_2","Index":234666,"Model":"nexus4","User":"c","gt":"stairsup","x":-0.90948486,"y":-0.8371582,"z":0.8477936}
{"Arrival_Time":1424694943576,"Creation_Time":1424694941583459185,"Device":"nexus4_1","Index":224154,"Model":"nexus4","User":"c","gt":"stairsup","x":-0.47802734,"y":0.58883667,"z":0.78422546}
{"Arrival_Time":1424694943778,"Creation_Time":1424694941784875201,"Device":"nexus4_1","Index":224194,"Model":"nexus4","User":"c","gt":"stairsup","x":-0.06466675,"y":0.12527466,"z":0.6197357}
{"Arrival_Time":1424694943979,"Creation_Time":1424694941986285269,"Device":"nexus4_1","Index":224234,"Model":"nexus4","User":"c","gt":"stairsup","x":-0.004852295,"y":-1.2493896,"z":1.0459137}
{"Arrival_Time":1424694944185,"Creation_Time":1424694942182818472,"Device":"nexus4_1","Index":224273,"Model":"nexus4","User":"c","gt":"stairsup","x":-0.1308899,"y":0.5407715,"z":-0.038223267}
{"Arrival_Time":1424694944382,"Creation_Time":1424696790434801753,"Device":"nexus4_2","Index":234865,"Model":"nexus4","User":"c","gt":"stairsup","x":-0.05178833,"y":-0.8574524,"z":0.82429504}
{"Arrival_Time":1424694944583,"Creation_Time":1424696790636370357,"Device":"nexus4_2","Index":234905,"Model":"nexus4","User":"c","gt":"stairsup","x":0.025115967,"y":0.43389893,"z":0.5113373}
{"Arrival_Time":1424694944794,"Creation_Time":1424694942802062887,"Device":"nexus4_1","Index":224396,"Model":"nexus4","User":"c","gt":"stairsup","x":0.12973022,"y":0.19683838,"z":0.15937805}
{"Arrival_Time":1424694945014,"Creation_Time":1424696791069262202,"Device":"nexus4_2","Index":234987,"Model":"nexus4","User":"c","gt":"stairsup","x":-0.3519287,"y":-0.21444702,"z":-0.19041443}